Sample	GC
SampleL	38.00563493660696
SampleS	37.96924316701363
SampleV	38.007775841265584
SampleG	37.67736741471269
SampleGH	37.82315662408208
SampleGR	37.9827031375704
SampleGV	37.971674423276525
